id,category,name,spec,unit,price,price_branch,price_store,price_rest,cost,supplier,safety_stock,status,created_at,note
B100101,包子饅頭(單),原味饅頭(顆),顆,顆,21.0,0.0,0.0,0.0,10.0,,10,啟用,,
B100102,包子饅頭(4入),原味饅頭4入/包,4入/包,包,0.0,0.0,0.0,0.0,0.0,,10,啟用,,
B100103,包子饅頭(6入),原味饅頭6入/包,6入/包,包,149.0,0.0,0.0,0.0,60.0,,10,啟用,,
B100201,包子饅頭(單),微甜饅頭(顆),顆,顆,21.0,0.0,0.0,0.0,10.0,,10,啟用,,
B100202,包子饅頭(4入),微甜饅頭4入/包,4入/包,包,0.0,0.0,0.0,0.0,0.0,,10,啟用,,
B100203,包子饅頭(6入),微甜饅頭6入/包,6入/包,包,149.0,0.0,0.0,0.0,60.0,,10,啟用,,
B100301,包子饅頭(單),芋頭饅頭(顆),顆,顆,21.0,0.0,0.0,0.0,10.0,,10,啟用,,
B100302,包子饅頭(4入),芋頭饅頭4入/包,4入/包,包,0.0,0.0,0.0,0.0,0.0,,10,啟用,,
B100303,包子饅頭(6入),芋頭饅頭6入/包,6入/包,包,149.0,0.0,0.0,0.0,60.0,,10,啟用,,
B100401,包子饅頭(單),紅糖饅頭(顆),顆,顆,21.0,0.0,0.0,0.0,10.0,,10,啟用,,
B100402,包子饅頭(4入),紅糖饅頭4入/包,4入/包,包,0.0,0.0,0.0,0.0,0.0,,10,啟用,,
B100403,包子饅頭(6入),紅糖饅頭6入/包,6入/包,包,149.0,0.0,0.0,0.0,60.0,,10,啟用,,
B100501,包子饅頭(單),全麥饅頭(顆),顆,顆,21.0,0.0,0.0,0.0,10.0,,10,啟用,,
B100502,包子饅頭(4入),全麥饅頭4入/包,4入/包,包,0.0,0.0,0.0,0.0,0.0,,10,啟用,,
B100503,包子饅頭(6入),全麥饅頭6入/包,6入/包,包,149.0,0.0,0.0,0.0,60.0,,10,啟用,,
B100602,包子饅頭,綜合小起司9入/包,9入/包,包,149.0,0.0,65.0,0.0,60.0,,10,啟用,,
B100701,包子饅頭(單),竹筍素肉包(顆),顆,顆,27.0,0.0,0.0,0.0,14.0,,10,啟用,,
B100702,包子饅頭(4入),竹筍素肉包4入/包,4入/包,包,0.0,0.0,0.0,0.0,0.0,,10,啟用,,
B100703,包子饅頭(6入),竹筍素肉包6入/包,6入/包,包,209.0,0.0,85.0,0.0,84.0,,10,啟用,,
B100801,包子饅頭(單),香菇高麗菜素肉包(顆),顆,顆,27.0,0.0,0.0,0.0,14.0,,10,啟用,,
B100802,包子饅頭(4入),香菇高麗菜素肉包4入/包,4入/包,包,0.0,0.0,0.0,0.0,0.0,,10,啟用,,
B100803,包子饅頭(6入),香菇高麗菜素肉包6入/包,6入/包,包,209.0,0.0,85.0,0.0,84.0,,10,啟用,,
B100901,包子饅頭(單),雪裡紅素包(顆),顆,顆,27.0,0.0,0.0,0.0,14.0,,10,啟用,,
B100902,包子饅頭(4入),雪裡紅素包4入/包,4入/包,包,0.0,0.0,0.0,0.0,0.0,,10,啟用,,
B100903,包子饅頭(6入),雪裡紅素包6入/包,6入/包,包,209.0,0.0,85.0,0.0,84.0,,10,啟用,,
B101001,包子饅頭(單),鮮肉包(顆),顆,顆,27.0,0.0,0.0,0.0,14.0,,10,啟用,,
B101002,包子饅頭(4入),鮮肉包4入/包,4入/包,包,0.0,0.0,0.0,0.0,0.0,,10,啟用,,
B101003,包子饅頭(6入),鮮肉包6入/包,6入/包,包,209.0,0.0,85.0,0.0,84.0,,10,啟用,,
B101101,包子饅頭(單),蔥花捲(顆),顆,顆,27.0,0.0,0.0,0.0,14.0,,10,啟用,,
B101102,包子饅頭(4入),蔥花捲4入/包,4入/包,包,0.0,0.0,0.0,0.0,0.0,,10,啟用,,
B101103,包子饅頭(6入),蔥花捲6入/包,6入/包,包,209.0,0.0,85.0,0.0,84.0,,10,啟用,,
B101201,包子饅頭(單),紅豆包(顆),顆,顆,27.0,0.0,0.0,0.0,14.0,,10,啟用,,
B101202,包子饅頭(4入),紅豆包4入/包,4入/包,包,0.0,0.0,0.0,0.0,0.0,,10,啟用,,
B101203,包子饅頭(6入),紅豆包6入/包,6入/包,包,209.0,0.0,85.0,0.0,84.0,,10,啟用,,
B101301,包子饅頭(單),芝麻包(顆),顆,顆,27.0,0.0,0.0,0.0,14.0,,10,啟用,,
B101302,包子饅頭(4入),芝麻包4入/包,4入/包,包,0.0,0.0,0.0,0.0,0.0,,10,啟用,,
B101303,包子饅頭(6入),芝麻包6入/包,6入/包,包,209.0,0.0,85.0,0.0,84.0,,10,啟用,,
B101401,包子饅頭(單),梅干菜肉包(顆),顆,顆,27.0,0.0,0.0,0.0,14.0,,10,啟用,,
B101402,包子饅頭(4入),梅干菜肉包4入/包,4入/包,包,0.0,0.0,0.0,0.0,0.0,,10,啟用,,
B101403,包子饅頭(6入),梅干菜肉包6入/包,6入/包,包,209.0,0.0,85.0,0.0,84.0,,10,啟用,,
B101501,包子饅頭(單),芋頭地瓜包(顆),顆,顆,27.0,0.0,0.0,0.0,14.5,,10,啟用,,
B101502,包子饅頭(4入),芋頭地瓜包4入/包,4入/包,包,0.0,0.0,0.0,0.0,0.0,,10,啟用,,
B101503,包子饅頭(6入),芋頭地瓜包6入/包,6入/包,包,209.0,0.0,0.0,0.0,87.0,,10,啟用,,
B101601,包子饅頭(單),五穀雜糧(顆),顆,顆,27.0,0.0,0.0,0.0,14.5,,10,啟用,,
B101602,包子饅頭(4入),五穀雜糧4入/包,4入/包,包,0.0,0.0,0.0,0.0,0.0,,10,啟用,,
B101603,包子饅頭(6入),五穀雜糧6入/包,6入/包,包,209.0,0.0,0.0,0.0,87.0,,10,啟用,,
B101701,包子饅頭(單),德國香腸起司捲(顆),顆,顆,32.0,0.0,0.0,0.0,18.0,,10,啟用,,
B101702,包子饅頭(4入),德國香腸起司捲4入/包,4入/包,包,0.0,0.0,0.0,0.0,0.0,,10,啟用,,
B101703,包子饅頭(6入),德國香腸起司捲6入/包,6入/包,包,239.0,0.0,109.0,0.0,108.0,,10,啟用,,
B101801,包子饅頭(單),剝皮辣椒包(顆),顆,顆,32.0,0.0,0.0,0.0,18.5,,10,啟用,,
B101802,包子饅頭(4入),剝皮辣椒包4入/包,4入/包,包,0.0,0.0,0.0,0.0,0.0,,10,啟用,,
B101803,包子饅頭(6入),剝皮辣椒包6入/包,6入/包,包,239.0,0.0,0.0,0.0,111.0,,10,啟用,,
B101901,包子饅頭(單),紅糖起司捲(顆),顆,顆,32.0,0.0,0.0,0.0,17.0,,10,啟用,,
B101902,包子饅頭(4入),紅糖起司捲4入/包,4入/包,包,0.0,0.0,0.0,0.0,0.0,,10,啟用,,
B101903,包子饅頭(6入),紅糖起司捲6入/包,6入/包,包,239.0,0.0,102.0,0.0,85.0,,10,啟用,,
B102001,包子饅頭(單),牛奶起司捲(顆),顆,顆,32.0,0.0,0.0,0.0,17.0,,10,啟用,,
B102002,包子饅頭(4入),牛奶起司捲4入/包,4入/包,包,0.0,0.0,0.0,0.0,0.0,,10,啟用,,
B102003,包子饅頭(6入),牛奶起司捲6入/包,6入/包,包,239.0,0.0,102.0,0.0,85.0,,10,啟用,,
B102101,包子饅頭,寶寶彩色小饅頭400克/包,400克/包,包,199.0,0.0,0.0,0.0,77.0,,10,啟用,,
B102201,包子饅頭,北鼻牛奶小饅頭400克/包,400克/包,包,220.0,0.0,0.0,0.0,0.0,,10,啟用,,
F2000209,生鮮蔬果,青花菜 - 包,包,個,68.0,0.0,0.0,0.0,0.0,,5,啟用,2026-02-09,
G100601,團購商品,蕈菇松露濃湯包,包,包,68.0,0.0,0.0,0.0,0.0,,10,啟用,,
G100602,團購商品,薑母糖 - 包,包,包,55.0,0.0,0.0,0.0,0.0,,5,啟用,2026-02-09,
G100701,團購商品,小籠包12個/包包,包,包,50.0,0.0,0.0,0.0,0.0,,10,啟用,,
G100702,團購商品,牛軋糖200g,,包,139.0,98.0,0.0,0.0,82.05,湯城烘焙食品有限公司,10,啟用,2026-02-12,進貨單快速新增
G100703,團購商品,牛軋糖夏威夷豆,包,個,268.0,175.0,0.0,0.0,160.0,湯城烘焙食品有限公司,10,啟用,2026-02-12,進貨單快速新增
G100802,團購商品,湯包25入/包包,包,包,0.0,95.0,0.0,0.0,0.0,,10,啟用,,
G100803,團購商品,自然原味開心果300克 - 包,包,包,155.0,145.0,0.0,5.0,135.0,,10,,,
G100804,團購商品,苗栗鄭美香葵瓜子-五香,,,89.0,61.0,0.0,0.0,0.0,,10,啟用,,
G100805,團購商品,苗栗鄭美香葵瓜子-奶油,,,89.0,61.0,0.0,0.0,0.0,,10,啟用,,
G100806,團購商品,苗栗鄭美香葵瓜子-南棗核桃,,,89.0,61.0,0.0,0.0,0.0,,10,啟用,,
G100807,團購商品,苗栗鄭美香葵瓜子-桂圓紅棗,,,89.0,61.0,0.0,0.0,0.0,,10,啟用,,
G100808,團購商品,苗栗鄭美香葵瓜子-海鹽茴香,,,89.0,61.0,0.0,0.0,0.0,,10,啟用,,
G100809,團購商品,苗栗鄭美香葵瓜子-焦糖,,,89.0,61.0,0.0,0.0,0.0,,10,啟用,,
G100810,團購商品,高麗菜鍋貼 - 15顆,15顆,包,45.0,0.0,0.0,0.0,0.0,,5,啟用,2026-02-09,
G100901,團購商品,特級白蝦仁4/5(150克/包),,,89.0,49.0,0.0,0.0,0.0,,10,啟用,,
G101401,團購商品,小籠包(50/包),,,600.0,0.0,0.0,0.0,0.0,,10,啟用,,
G101501,團購商品,綜合包心粉圓(300克),,,77.0,0.0,0.0,0.0,0.0,,10,啟用,,
G200001,舒肥雞,舒肥鷄-松子青醬100g/包,100g/包,包,32.0,0.0,0.0,0.0,0.0,,10,啟用,,
G200002,舒肥雞,舒肥鷄-蒜辣海鮮100g/包,100g/包,包,32.0,0.0,0.0,0.0,0.0,,10,啟用,,
G200003,舒肥雞,舒肥鷄-照燒梅子100g/包,100g/包,包,32.0,0.0,0.0,0.0,0.0,,10,啟用,,
G200004,舒肥雞,舒肥鷄-青花椒100g/包,100g/包,包,32.0,0.0,0.0,0.0,0.0,,10,啟用,,
G200005,舒肥雞,舒肥鷄-貝里斯辣煙燻100g/包,100g/包,包,32.0,0.0,0.0,0.0,0.0,,10,啟用,,
H100101,港點,鮮蝦燒賣(個),顆,顆,0.0,0.0,0.0,0.0,0.0,,10,啟用,,
H100102,港點盒裝,鮮蝦燒賣12入/盒,12入/盒,盒,390.0,170.0,0.0,0.0,0.0,,10,啟用,,
H100103,港點(15),鮮蝦燒賣15顆/包,15顆/包,包,0.0,0.0,210.0,0.0,0.0,,10,啟用,,
H100104,港點(30),鮮蝦燒賣30顆/袋,30顆/袋,袋,0.0,0.0,0.0,390.0,0.0,,10,啟用,,
H100105,港點(100),鮮蝦燒賣100顆/袋,100顆/袋,袋,0.0,0.0,0.0,390.0,0.0,,10,啟用,,
H100201,港點,椒麻燒賣(個),顆,顆,0.0,0.0,0.0,0.0,0.0,,10,啟用,,
H100202,港點盒裝,椒麻燒賣12入/盒,12入/盒,盒,390.0,170.0,0.0,0.0,0.0,,10,啟用,,
H100203,港點(15),椒麻燒賣15顆/包,15顆/包,包,0.0,0.0,210.0,0.0,0.0,,10,啟用,,
H100204,港點(30),椒麻燒賣30顆/袋,30顆/袋,袋,0.0,0.0,0.0,0.0,0.0,,10,啟用,,
H100205,港點(100),椒麻燒賣100顆/袋,100顆/袋,袋,0.0,0.0,0.0,0.0,0.0,,10,啟用,,
H100301,港點,花枝燒賣(個),顆,顆,0.0,0.0,0.0,0.0,0.0,,10,啟用,,
H100302,港點盒裝,花枝燒賣12入/盒,12入/盒,盒,390.0,170.0,0.0,0.0,0.0,,10,啟用,,
H100303,港點(15),花枝燒賣15顆/包,15顆/包,包,0.0,0.0,210.0,0.0,0.0,,10,啟用,,
H100304,港點(30),花枝燒賣30顆/袋,30顆/袋,袋,0.0,0.0,0.0,0.0,0.0,,10,啟用,,
H100305,港點(100),花枝燒賣100顆/袋,100顆/袋,袋,0.0,0.0,0.0,0.0,0.0,,10,啟用,,
H100401,港點,雞肉燒賣(個),顆,顆,0.0,0.0,0.0,0.0,0.0,,10,啟用,,
H100402,港點盒裝,雞肉燒賣12入/盒,12入/盒,盒,390.0,170.0,0.0,0.0,0.0,,10,啟用,,
H100403,港點(15),雞肉燒賣15顆/包,15顆/包,包,0.0,0.0,210.0,0.0,0.0,,10,啟用,,
H100404,港點(30),雞肉燒賣30顆/袋,30顆/袋,袋,0.0,0.0,0.0,0.0,0.0,,10,啟用,,
H100405,港點(100),雞肉燒賣100顆/袋,100顆/袋,袋,0.0,0.0,0.0,0.0,0.0,,10,啟用,,
H100501,港點,水晶蝦餃(個),顆,顆,0.0,0.0,0.0,0.0,0.0,,10,啟用,,
H100502,港點盒裝,水晶蝦餃8入/盒,8入/盒,盒,360.0,155.0,0.0,0.0,0.0,,10,啟用,,
H100503,港點(15),水晶蝦餃15顆/包,15顆/包,包,0.0,165.0,270.0,0.0,0.0,,10,啟用,,
H100504,港點(30),水晶蝦餃30顆/袋,30顆/袋,袋,0.0,0.0,0.0,0.0,0.0,,10,啟用,,
H100601,港點,韭菜蝦餃(個),顆,顆,0.0,0.0,0.0,0.0,0.0,,10,啟用,,
H100602,港點盒裝,韭菜蝦餃8入/盒,8入/盒,盒,360.0,155.0,0.0,0.0,0.0,,10,啟用,,
H100603,港點(15),韭菜蝦餃15顆/包,15顆/包,包,0.0,0.0,270.0,0.0,0.0,,10,啟用,,
H100604,港點(30),韭菜蝦餃30顆/袋,30顆/袋,袋,0.0,0.0,0.0,0.0,0.0,,10,啟用,,
H100605,港點(100),韭菜蝦餃100顆/袋,100顆/袋,袋,0.0,0.0,0.0,0.0,0.0,,10,啟用,,
H100701,港點,鳳眼餃(個),顆,顆,0.0,0.0,0.0,0.0,0.0,,10,啟用,,
H100702,港點盒裝,鳳眼餃8入/盒,8入/盒,盒,360.0,155.0,0.0,0.0,0.0,,10,啟用,,
H100703,港點(15),鳳眼餃15顆/包,15顆/包,包,0.0,0.0,270.0,0.0,0.0,,10,啟用,,
H100704,港點(30),鳳眼餃30顆/袋,30顆/袋,袋,0.0,0.0,0.0,0.0,0.0,,10,啟用,,
H100801,港點,魚翅餃(個),顆,顆,0.0,0.0,0.0,0.0,0.0,,10,啟用,,
H100802,港點盒裝,魚翅餃8入/盒,8入/盒,盒,330.0,149.0,0.0,0.0,0.0,,10,啟用,,
H100803,港點(15),魚翅餃15顆/包,15顆/包,包,0.0,0.0,240.0,0.0,0.0,,10,啟用,,
H100804,港點(30),魚翅餃30顆/袋,30顆/袋,袋,0.0,0.0,0.0,420.0,0.0,,10,啟用,,
H100805,港點(100),魚翅餃100顆/袋,100顆/袋,袋,0.0,0.0,0.0,420.0,0.0,,10,啟用,,
H100901,港點,爆漿流沙包(個),顆,顆,0.0,0.0,0.0,0.0,0.0,,10,啟用,,
H100902,港點盒裝,爆漿流沙包6入/盒,6入/盒,盒,249.0,104.0,0.0,0.0,0.0,,10,啟用,,
H100903,港點(10),爆漿流沙包10顆/包,10顆/包,包,0.0,0.0,165.0,0.0,0.0,,10,啟用,,
H100904,港點(30),爆漿流沙包30顆/袋,30顆/袋,袋,0.0,0.0,0.0,450.0,0.0,,10,啟用,,
H100905,港點(100),爆漿流沙包100顆/袋,100顆/袋,袋,0.0,0.0,0.0,450.0,0.0,,10,啟用,,
H101001,港點,港式叉燒包(個),顆,顆,0.0,0.0,0.0,0.0,0.0,,10,啟用,,
H101002,港點盒裝,港式叉燒包6入/盒,6入/盒,盒,249.0,104.0,0.0,0.0,0.0,,10,啟用,,
H101003,港點(10),港式叉燒包10顆/包,10顆/包,包,0.0,0.0,165.0,0.0,0.0,,10,啟用,,
H101004,港點(30),港式叉燒包30顆/袋,30顆/袋,袋,0.0,0.0,0.0,450.0,0.0,,10,啟用,,
H101101,港點,南瓜芝麻包(個),顆,顆,0.0,0.0,0.0,0.0,0.0,,10,啟用,,
H101102,港點盒裝,南瓜芝麻包6入/盒,6入/盒,盒,249.0,104.0,0.0,0.0,0.0,,10,啟用,,
H101103,港點(10),南瓜芝麻包10顆/包,10顆/包,包,0.0,0.0,165.0,0.0,0.0,,10,啟用,,
H101104,港點(30),南瓜芝麻包30顆/袋,30顆/袋,袋,0.0,0.0,0.0,0.0,0.0,,10,啟用,,
H101201,港點,紫薯芋頭包(個),顆,顆,0.0,0.0,0.0,0.0,0.0,,10,啟用,,
H101202,港點盒裝,紫薯芋頭包6入/盒,6入/盒,盒,249.0,104.0,0.0,0.0,0.0,,10,啟用,,
H101203,港點(10),紫薯芋頭包10顆/包,10顆/包,包,0.0,0.0,165.0,0.0,0.0,,10,啟用,,
H101204,港點(30),紫薯芋頭包30顆/袋,30顆/袋,袋,0.0,0.0,0.0,0.0,0.0,,10,啟用,,
H101301,港點,黑糖馬來糕(個),顆,顆,0.0,0.0,0.0,0.0,0.0,,10,啟用,,
H101302,港點盒裝,黑糖馬來糕6入/盒,6入/盒,盒,210.0,95.0,0.0,0.0,0.0,,10,啟用,,
H101303,港點(15),黑糖馬來糕15顆/包,15顆/包,包,0.0,0.0,0.0,0.0,0.0,,10,啟用,,
H101304,港點(30),黑糖馬來糕30顆/袋,30顆/袋,袋,0.0,0.0,0.0,0.0,0.0,,10,啟用,,
H101401,港點,糯米珍珠丸(個),顆,顆,0.0,0.0,0.0,13.0,0.0,,10,啟用,,
H101402,港點盒裝,糯米珍珠丸8入/盒,8入/盒,盒,265.0,112.0,0.0,0.0,0.0,,10,啟用,,
H101403,港點(15),糯米珍珠丸15顆/包,15顆/包,包,0.0,0.0,210.0,0.0,0.0,,10,啟用,,
H101404,港點(30),糯米珍珠丸30顆/袋,30顆/袋,袋,0.0,0.0,0.0,390.0,0.0,,10,啟用,,
H101501,港點,荷葉粽(個),顆,顆,0.0,0.0,0.0,0.0,0.0,,10,啟用,,
H101502,港點盒裝,荷葉粽4入/盒,4入/盒,盒,265.0,110.0,0.0,0.0,0.0,,10,啟用,,
H101503,港點(10),荷葉粽10顆/包,10顆/包,包,0.0,0.0,260.0,0.0,0.0,,10,啟用,,
H101504,港點(30),荷葉粽30顆/袋,30顆/袋,袋,0.0,0.0,0.0,840.0,0.0,,10,啟用,,
H101601,港點盒裝,櫻花蝦米糕1斤/盒,1斤/盒,盒,350.0,150.0,0.0,0.0,0.0,,10,啟用,,
H101701,港點盒裝,豉汁排骨12兩/盒,12兩/盒,盒,420.0,190.0,0.0,0.0,0.0,,10,啟用,,
H101801,港點盒裝,蠔皇鳳爪12兩/盒,12兩/盒,盒,390.0,170.0,0.0,0.0,0.0,,10,啟用,,
H101901,港點,三絲春捲單(個),條,條,0.0,0.0,0.0,0.0,0.0,,10,啟用,,
H101902,港點盒裝,三絲春捲5入/盒,5入/盒,盒,148.0,60.0,0.0,0.0,0.0,,10,啟用,,
H101903,港點(10),三絲春捲10條/包,10條/包,包,0.0,0.0,0.0,0.0,0.0,,10,啟用,,
H101904,港點(30),三絲春捲30條/袋,30條/袋,袋,0.0,0.0,0.0,300.0,0.0,,10,啟用,,
H102001,港點,鮮蝦腐皮捲單(個),條,條,0.0,0.0,0.0,0.0,0.0,,10,啟用,,
H102002,港點盒裝,鮮蝦腐皮捲7入/盒,7入/盒,盒,360.0,163.0,0.0,0.0,0.0,,10,啟用,,
H102003,港點(10),鮮蝦腐皮捲10條/包,10條/包,包,0.0,0.0,0.0,0.0,0.0,,10,啟用,,
H102004,港點(20),鮮蝦腐皮捲20條/袋,20條/袋,袋,0.0,0.0,0.0,0.0,0.0,,10,啟用,,
H102101,港點,香蔥鮮魚捲單(個),條,條,0.0,0.0,0.0,0.0,0.0,,10,啟用,,
H102102,港點盒裝,香蔥鮮魚捲7入/盒,7入/盒,盒,320.0,144.0,0.0,0.0,0.0,,10,啟用,,
H102103,港點(15),香蔥鮮魚捲15條/包,15條/包,包,0.0,0.0,0.0,0.0,0.0,,10,啟用,,
H102104,港點(30),香蔥鮮魚捲30條/袋,30條/袋,袋,0.0,0.0,0.0,360.0,0.0,,10,啟用,,
H102201,港點,豆沙芝麻球(個),顆,顆,0.0,0.0,0.0,0.0,0.0,,10,啟用,,
H102202,港點盒裝,豆沙芝麻球7入/盒,7入/盒,盒,235.0,100.0,0.0,0.0,0.0,,10,啟用,,
H102203,港點(10),豆沙芝麻球10顆/包,10顆/包,包,0.0,0.0,0.0,0.0,0.0,,10,啟用,,
H102204,港點(15),豆沙芝麻球15顆/袋,15顆/袋,袋,0.0,0.0,0.0,0.0,0.0,,10,啟用,,
H102205,港點(30),豆沙芝麻球30顆/袋,30顆/袋,袋,0.0,0.0,0.0,300.0,0.0,,10,啟用,,
H102301,港點,貴妃流沙球(個),顆,顆,0.0,0.0,0.0,0.0,0.0,,10,啟用,,
H102302,港點盒裝,貴妃流沙球7入/盒,7入/盒,盒,285.0,132.5,0.0,0.0,0.0,,10,啟用,,
H102303,港點(10),貴妃流沙球10顆/包,10顆/包,包,0.0,0.0,0.0,0.0,0.0,,10,啟用,,
H102304,港點(15),貴妃流沙球15顆/袋,15顆/袋,袋,0.0,0.0,0.0,0.0,0.0,,10,啟用,,
H102305,港點(30),貴妃流沙球30顆/袋,30顆/袋,袋,0.0,0.0,0.0,0.0,0.0,,10,啟用,,
H102401,港點,花枝煎餅單(個),個,個,0.0,0.0,17.0,0.0,0.0,,10,啟用,,
H102402,港點盒裝,花枝煎餅12入/盒,12入/盒,盒,490.0,226.0,0.0,0.0,0.0,,10,啟用,,
H102403,港點(5),花枝煎餅5入/包,5入/包,包,169.0,82.0,0.0,0.0,0.0,,10,啟用,,
H102404,港點(30),花枝煎餅30入/袋,30入/袋,袋,0.0,0.0,510.0,0.0,0.0,,10,啟用,,
H102501,港點,韭菜煎餅單(個),個,個,0.0,0.0,17.0,0.0,0.0,,10,啟用,,
H102502,港點盒裝,韭菜煎餅12入/盒,12入/盒,盒,490.0,226.0,0.0,0.0,0.0,,10,啟用,,
H102503,港點(5),韭菜煎餅5入/包,5入/包,包,169.0,82.0,0.0,0.0,0.0,,10,啟用,,
H102504,港點(30),韭菜煎餅30入/袋,30入/袋,袋,0.0,0.0,0.0,0.0,0.0,,10,啟用,,
H102601,港點,蜜汁叉燒酥(個),顆,顆,0.0,0.0,0.0,0.0,0.0,,10,啟用,,
H102602,港點盒裝,蜜汁叉燒酥6入/盒,6入/盒,盒,290.0,120.0,0.0,0.0,0.0,,10,啟用,,
H102701,港點,馬蹄條單(個),個,個,0.0,0.0,0.0,0.0,0.0,,10,啟用,,
H102702,港點盒裝,馬蹄條7入/盒,7入/盒,盒,225.0,95.0,0.0,0.0,0.0,,10,啟用,,
H102703,港點(10),馬蹄條10條/包,10條/包,包,0.0,0.0,0.0,0.0,0.0,,10,啟用,,
H102704,港點(15),馬蹄條15條/包,15條/包,包,0.0,0.0,0.0,0.0,0.0,,10,啟用,,
H102705,港點(30),馬蹄條30條/袋,30條/袋,袋,0.0,0.0,0.0,0.0,0.0,,10,啟用,,
H102801,港點盒裝,焗烤奶油白菜325克,325克,盒,235.0,98.0,0.0,0.0,0.0,,10,啟用,,
H102802,港點盒裝,焗烤奶油白菜600克,600克,盒,338.0,218.0,0.0,0.0,0.0,,10,啟用,,
H102901,港點盒裝,豬肉餡餅6入/盒,6入/盒,盒,235.0,98.0,0.0,0.0,0.0,,10,啟用,,
H103001,港點盒裝,古早味蔥抓餅5入/包,5入/包,包,199.0,52.0,0.0,0.0,0.0,,10,啟用,,
H103002,港點盒裝,古早味蔥抓餅10入/包,10入/包,包,0.0,0.0,0.0,0.0,0.0,,10,啟用,,
H103101,港點盒裝,亞麻子蔥抓餅5入/包,5入/包,包,235.0,98.0,0.0,0.0,0.0,,10,啟用,,
H103201,港點盒裝,寶寶珍珠餛飩30顆/盒,30顆/盒,盒,148.0,67.0,0.0,0.0,0.0,,10,啟用,,
H103301,港點盒裝,手工生煎包14入/盒,14入/盒,盒,82.0,38.0,0.0,0.0,0.0,,10,啟用,,
H103302,港點盒裝,手工生煎包50入/包,50入/包,包,0.0,0.0,125.0,0.0,0.0,,10,啟用,,
H103401,港點,鮮蝦腸粉單(個),個,個,0.0,0.0,0.0,0.0,0.0,,10,啟用,,
H103402,港點盒裝,鮮蝦腸粉4入/盒,4入/盒,盒,79.0,46.0,0.0,0.0,0.0,,10,啟用,,
H103403,港點,鮮蝦腸粉600g/包,600g/包,包,0.0,0.0,0.0,0.0,0.0,,10,啟用,,
H103404,港點,鮮蝦腸粉20入/包,20入/包,包,0.0,0.0,0.0,0.0,0.0,,10,啟用,,
H103501,港點,叉燒腸粉單(個),個,個,0.0,0.0,0.0,0.0,0.0,,10,啟用,,
H103502,港點盒裝,叉燒腸粉4入/盒,4入/盒,盒,75.0,42.0,0.0,0.0,0.0,,10,啟用,,
H103601,港點,五行素腸粉單(個),個,個,0.0,0.0,0.0,0.0,0.0,,10,啟用,,
H103602,港點盒裝,五行素腸粉4入/盒,4入/盒,盒,69.0,38.0,0.0,0.0,0.0,,10,啟用,,
H103701,港點,牛肉腸粉單(個),個,個,0.0,0.0,0.0,0.0,0.0,,10,啟用,,
H103801,港點盒裝,包小三6入/盒,6入/盒,盒,249.0,104.0,0.0,0.0,0.0,,10,啟用,,
H103901,港點盒裝,港式蘿蔔糕16兩/盒,16兩/盒,盒,180.0,110.0,120.0,0.0,0.0,,10,啟用,,
H104001,港點盒裝,港式芋頭糕16兩/盒,16兩/盒,盒,180.0,110.0,120.0,0.0,0.0,,10,啟用,,
H104101,港點,百花油條單(個),個,個,0.0,0.0,0.0,0.0,0.0,,10,啟用,,
H104102,港點盒裝,百花油條4入/盒,4入/盒,盒,0.0,21.0,0.0,0.0,0.0,,10,啟用,,
H104201,港點,干貝燒賣(個),顆,顆,0.0,0.0,0.0,0.0,0.0,,10,啟用,,
H104202,港點盒裝,干貝燒賣12入/盒,12入/盒,盒,0.0,170.0,0.0,0.0,0.0,,10,啟用,,
H104203,港點(15),干貝燒賣15顆/包,15顆/包,包,0.0,0.0,210.0,0.0,0.0,,10,啟用,,
H104301,港點,鮑魚燒賣(個),顆,顆,0.0,0.0,0.0,0.0,0.0,,10,啟用,,
H104302,港點盒裝,鮑魚燒賣12入/盒,12入/盒,盒,0.0,170.0,0.0,0.0,0.0,,10,啟用,,
H104303,港點(15),鮑魚燒賣15顆/包,15顆/包,包,0.0,0.0,210.0,0.0,0.0,,10,啟用,,
H104401,港點盒裝,綜合燒賣12入/盒,12入/盒,盒,390.0,170.0,0.0,0.0,0.0,,10,啟用,,
H104501,港點,四喜燒賣(個),顆,顆,0.0,0.0,0.0,0.0,0.0,,10,啟用,,
H104502,港點盒裝,四喜燒賣12入/盒,12入/盒,盒,390.0,170.0,0.0,0.0,0.0,,10,啟用,,
H104601,港點(5),香菜雞肉海鮮餅5入/包,5入/包,包,169.0,70.0,0.0,0.0,0.0,,10,啟用,,
H104701,港點盒裝,蒜辣海鮮肉片300克/包,300克/包,包,95.0,0.0,0.0,0.0,0.0,,10,啟用,,
H104801,港點,鮮蝦大燒賣(個),顆,顆,0.0,0.0,0.0,0.0,0.0,,10,啟用,,
H104901,港點,椒麻大燒賣(個),顆,顆,0.0,0.0,0.0,0.0,0.0,,10,啟用,,
H105001,港點,花枝大燒賣(個),顆,顆,0.0,0.0,0.0,0.0,0.0,,10,啟用,,
H105101,港點(15),繡球珍珠丸15入15入/包,15入/包,包,0.0,0.0,0.0,0.0,0.0,,10,啟用,,
H105201,港點盒裝,海鮮繡球6入6入/盒,6入/盒,盒,108.0,0.0,0.0,0.0,0.0,,10,啟用,,
H105301,港點,海鮮蝦餅(1片)單片,單片,片,0.0,0.0,0.0,0.0,0.0,,10,啟用,,
H105401,港點盒裝,椰香雪花糕(盒),盒,盒,139.0,90.0,0.0,0.0,0.0,,10,啟用,,
H105601,港點(30),"芋頭捲30條/袋 ",30/袋,袋,360.0,0.0,0.0,330.0,0.0,,10,啟用,2026-02-08,
H105602,港點,芋頭捲(個),條,條,0.0,0.0,0.0,330.0,0.0,,10,啟用,2026-02-08,
H105701,港點(30),地瓜捲30條/袋,30條/袋,袋,360.0,0.0,0.0,330.0,0.0,,10,啟用,2026-02-08,
H105702,港點,地瓜捲(個),條,條,0.0,0.0,0.0,330.0,0.0,,10,啟用,2026-02-08,
H106001,港點盒裝,咖喱牛肉寶盒2入/盒,2入/盒,盒,52.0,0.0,0.0,0.0,0.0,,5,啟用,2026-02-08,
H110001,港點,叉燒肉(切片)  斤,斤,斤,330.0,0.0,0.0,0.0,0.0,,10,啟用,2026-02-09,
H110003,原物料,港式臘腸(600g)非禮盒,非禮盒,包,0.0,355.0,0.0,0.0,0.0,,10,啟用,,
H110004,原物料,港式肝腸(600g)非禮盒,非禮盒,包,0.0,355.0,0.0,0.0,0.0,,10,啟用,,
H110005,原物料,港式肝臘腸600g (各半),,包,0.0,355.0,0.0,0.0,0.0,,10,啟用,,
P00001,港點(30),鮮蝦腐皮捲30入/包,,包,0.0,0.0,0.0,660.0,0.0,,5,啟用,2026-02-14,銷貨單快速新增
P00002,港點(30),繡球珍珠丸30入/包,,個,0.0,0.0,0.0,420.0,0.0,,5,啟用,2026-02-14,銷貨單快速新增
P00003,港點(10),金錢蝦餅10入/包,,包,70.0,0.0,0.0,70.0,0.0,,5,啟用,2026-02-14,
P00004,團購商品,花枝丸300克,300克,包,0.0,65.0,0.0,0.0,0.0,,5,啟用,2026-02-25,銷貨單快速新增
P00005,港點,蠔皇鳳爪2斤裝(大包),,個,370.0,360.0,0.0,0.0,0.0,自有商品,5,啟用,2026-02-25,
S100101,冷凍海鮮,4號蝦仁5斤/包,,,1170.0,0.0,0.0,1170.0,0.0,,10,啟用,,
S100102,冷凍海鮮,4號蝦仁5包/箱,,,5850.0,0.0,0.0,5850.0,0.0,,10,啟用,,
S100301,冷凍海鮮,海瓜子清肉500g,,,80.0,0.0,0.0,0.0,0.0,,10,啟用,,
S100401,冷凍海鮮,翡翠(盒),,,65.0,0.0,0.0,0.0,0.0,,10,啟用,,
S100501,冷凍海鮮,魷魚圈(1kg/包),,,130.0,0.0,0.0,0.0,0.0,,10,啟用,,
S100601,冷凍海鮮,8號蝦仁(3kg/包),,,900.0,0.0,0.0,0.0,0.0,,10,啟用,,
S100701,冷凍海鮮,珠貝(1kg/包),,,300.0,0.0,0.0,0.0,0.0,,10,啟用,,
S100901,冷凍海鮮,鱸魚(10kg/箱),,,2850.0,0.0,0.0,0.0,0.0,,10,啟用,,
S101001,冷凍海鮮,特級白蝦仁（大包300g),,,103.0,0.0,0.0,0.0,0.0,,10,啟用,,
S101101,冷凍海鮮,海灣珠貝(500克),,,0.0,0.0,0.0,0.0,0.0,,10,啟用,,
w100101,特殊節日,蛋黃酥9入/盒,9入/盒,盒,538.0,275.0,0.0,0.0,0.0,,10,啟用,,
w100201,特殊節日,蛋黄酥6入/ 盒,6入/ 盒,盒,358.0,275.0,0.0,0.0,0.0,,10,啟用,,
w100301,特殊節日,蛋黄酥3入/ 包,3入/ 包,盒,168.0,117.0,0.0,0.0,0.0,,10,啟用,,
w100401,特殊節日,肝臘腸禮盒(盒子費)個,個,個,0.0,20.0,0.0,0.0,0.0,,10,啟用,,
w100501,特殊節日,肝腸禮盒1斤/盒,1斤/盒,盒,480.0,0.0,0.0,0.0,0.0,,10,啟用,,
w100502,特殊節日,臘腸禮盒1斤/盒,1斤/盒,盒,480.0,0.0,0.0,0.0,0.0,,10,啟用,,
w100503,特殊節日,肝臘腸禮盒1斤/盒,1斤/盒,盒,480.0,0.0,0.0,0.0,0.0,,10,啟用,,
w100504,特殊節日,肝腸禮盒2斤/盒,2斤/盒,盒,0.0,0.0,0.0,0.0,0.0,,10,啟用,,
w100505,特殊節日,臘腸禮盒2斤/盒,2斤/盒,盒,0.0,480.0,0.0,0.0,0.0,,10,啟用,,
w100506,特殊節日,肝臘腸禮盒2斤/盒,2斤/盒,盒,0.0,420.0,0.0,0.0,0.0,,10,啟用,,
w100801,特殊節日,肝臘腸禮盒750g/盒,750g/盒,盒,0.0,490.0,0.0,0.0,0.0,,10,啟用,,
w100901,特殊節日,肝臘腸米糕800g/盒,800g/盒,盒,0.0,265.0,0.0,0.0,0.0,,10,啟用,,
w101001,特殊節日,肝臘腸米糕600g/盒,600g/盒,盒,0.0,150.0,0.0,0.0,0.0,,10,啟用,,
w101101,特殊節日,肝臘腸米糕400g/盒,400g/盒,盒,0.0,63.0,0.0,0.0,0.0,,10,啟用,,
w101201,特殊節日,港式櫻花蝦米糕/(800g),,盒,0.0,275.0,0.0,0.0,0.0,,10,啟用,,
X100101,雜項,蒸台,,,8100.0,0.0,0.0,0.0,0.0,,10,啟用,,
X100201,雜項,包裝加工費,,,15.0,0.0,0.0,0.0,0.0,,10,啟用,,
X100401,雜項,蔥花1KG,,,105.0,0.0,0.0,0.0,0.0,,10,啟用,,
X100701,雜項,鹹檸檬(瓶)*,,,120.0,0.0,0.0,0.0,0.0,,10,啟用,,
X101001,雜項,蒸籠(籠身)5吋,,,75.0,0.0,0.0,0.0,0.0,,10,啟用,,
X101101,雜項,粿盒*,,,105.0,0.0,0.0,0.0,0.0,,10,啟用,,
X101201,雜項,260蓋*,,,16.0,0.0,0.0,0.0,0.0,,10,啟用,,
X101301,雜項,260杯*,,,37.0,0.0,0.0,0.0,0.0,,10,啟用,,
X101501,雜項,吐司盒*,,,132.0,0.0,0.0,0.0,0.0,,10,啟用,,
X101601,雜項,780蓋*,,,35.0,0.0,0.0,0.0,0.0,,10,啟用,,
X101701,雜項,780杯*,,,83.0,0.0,0.0,0.0,0.0,,10,啟用,,
X101801,雜項,4.5吋蒸紙*,,,220.0,0.0,0.0,0.0,0.0,,10,啟用,,
X101901,雜項,冷凍熟麵(30片/6包/箱)*,,,570.0,0.0,0.0,0.0,0.0,,10,啟用,,
X102001,雜項,免洗筷*,,,23.0,0.0,0.0,0.0,0.0,,10,啟用,,
X102101,雜項,蒸籠(籠身)8吋(高),,,220.0,0.0,0.0,0.0,0.0,,10,啟用,,
X102201,雜項,蒸籠(蒸蓋)8吋(高),,,220.0,0.0,0.0,0.0,0.0,,10,啟用,,
X102301,雜項,蒸籠(籠蓋)5吋,,,75.0,0.0,0.0,0.0,0.0,,10,啟用,,
X102401,雜項,750杯*,,,72.0,0.0,0.0,0.0,0.0,,10,啟用,,
X102501,雜項,橘-背心袋(2斤袋)*,,,24.0,0.0,0.0,0.0,0.0,,10,啟用,,
X102601,雜項,橡皮筋*,,,48.0,0.0,0.0,0.0,0.0,,10,啟用,,
X102701,雜項,綠-背心袋(1斤袋)*,,,24.0,0.0,0.0,0.0,0.0,,10,啟用,,
X102801,雜項,漢堡盒*,,,142.0,0.0,0.0,0.0,0.0,,10,啟用,,
X102901,雜項,熱飲蓋*,,,46.0,0.0,0.0,0.0,0.0,,10,啟用,,
X103001,雜項,蔥油2斤/包*,,,220.0,0.0,0.0,0.0,0.0,,10,啟用,,
X103101,雜項,(印)-迷迷半斤*80/包,,,24.0,0.0,0.0,0.0,0.0,,10,啟用,,
X103201,雜項,紅茶(細),,,311.0,0.0,0.0,0.0,0.0,,10,啟用,,
X103301,雜項,紅茶(粗),,,248.0,0.0,0.0,0.0,0.0,,10,啟用,,
X103401,雜項,白美娜,,,56.0,0.0,0.0,0.0,0.0,,10,啟用,,
X103501,雜項,耐熱袋6兩,,,34.0,0.0,0.0,0.0,0.0,,10,啟用,,
X103601,雜項,冷泡茶空瓶(10入/包)*,,,100.0,0.0,0.0,0.0,0.0,,10,啟用,,
X103701,雜項,黃芥末醬,,,0.0,0.0,0.0,0.0,0.0,,10,啟用,,
X103801,雜項,冷飲杯500ml*,,,59.0,0.0,0.0,0.0,0.0,,10,啟用,,
X103901,雜項,綠-5斤提袋(52*33*折10.5)/包,,,24.0,0.0,0.0,0.0,0.0,,10,啟用,,
X104001,雜項,南洋風味咖哩叻沙,,,430.0,0.0,0.0,0.0,0.0,,10,啟用,,
X104101,雜項,腸粉(粉),,,160.0,0.0,0.0,0.0,0.0,,10,啟用,,`
X104201,雜項,9吋蒸紙(1000張/包),,,780.0,0.0,0.0,0.0,0.0,,10,啟用,,
X104301,雜項,9寸蒸纸(25張)*,,,15.0,0.0,0.0,0.0,0.0,,10,啟用,,
X104401,雜項,熱飲杯*,,,92.0,0.0,0.0,0.0,0.0,,10,啟用,,
X104501,雜項,冷飲蓋*,,,35.0,0.0,0.0,0.0,0.0,,10,啟用,,
X104601,雜項,7吋蒸紙(1000張/包),,,360.0,0.0,0.0,0.0,0.0,,10,啟用,,
Z100101,餐廳常用,古早味瓜仔肉燥250g,,,68.0,0.0,0.0,0.0,0.0,,10,啟用,,
Z100102,餐廳常用,隱藏版牛肉丼260g,,,79.0,0.0,0.0,0.0,0.0,,10,啟用,,
Z100103,餐廳常用,雙倍濃郁胡椒豬肚雞,,,143.0,0.0,0.0,0.0,0.0,,10,啟用,,
Z100104,餐廳常用,豉汁排骨120g/包,120g/包,包,0.0,0.0,34.5,0.0,0.0,,10,啟用,,
Z100105,餐廳常用,蠔皇鳳爪120g/包,120g/包,包,0.0,0.0,34.5,0.0,0.0,,10,啟用,,
Z100106,餐廳常用,米糕1kg/包,1kg/包,包,0.0,0.0,155.0,0.0,0.0,,10,啟用,,
Z100107,餐廳常用,腸粉醬油(沾醬包),,,2.5,0.0,0.0,0.0,0.0,,10,啟用,,
Z100108,餐廳常用,__叉燒肉(克)*,,,0.55,0.0,0.0,0.0,0.0,,10,啟用,,
Z100109,餐廳常用,冷凍熟麵(5片/袋)*,,,100.0,0.0,0.0,0.0,0.0,,10,啟用,,
Z100110,餐廳常用,腸粉醬油(6兩/包)*,,,30.0,0.0,0.0,0.0,0.0,,10,啟用,,
Z100111,餐廳常用,魚香醬2斤/包*,,,370.0,0.0,0.0,0.0,0.0,,10,啟用,,
Z100112,餐廳常用,櫻花蝦蝦仁(50克)*,,,100.0,0.0,100.0,0.0,0.0,,10,啟用,,
Z100292,餐廳常用,湯包50入/包包,包,包,150.0,0.0,0.0,0.0,0.0,,10,啟用,,
Z100298,餐廳常用,港式蘿蔔糕10斤/台,10斤/台,盒,0.0,0.0,0.0,0.0,0.0,,10,啟用,,
Z100306,餐廳常用,5吋蒸紙(1000張/包),,,250.0,0.0,0.0,0.0,0.0,,10,啟用,,
Z100307,123,123,,個,11,111,0,0,0,,10,啟用,2026-02-26,